topic_id,topic_name,created_jkt,updated_jkt,deleted_jkt
xx27431110790313833,Choi Ji-woo,2018-03-29 12:10:50,2020-07-23 14:22:02,
xx27431110790317635,Erix Soekamti,2019-01-16 09:13:26,2020-07-23 14:22:44,
xx40634505,Commuter Line,2016-12-19 15:11:22,2020-07-23 14:19:53,
xx184635142,Skin Care,2017-01-11 11:17:29,2020-07-23 14:20:11,
xx27428266,Internasional,2016-11-21 14:34:22,2020-07-23 14:19:50,
xx1037551514,Klitih,2017-03-14 18:32:42,2020-07-23 14:20:48,
xx27431110790315777,Hungaria,2018-08-16 10:35:41,2020-07-23 14:22:23,
xx1580307855571558352,100 Hari Jokowi,2020-01-29 21:24:16,2020-07-23 14:23:35,
xx1028973861,Cadangan Devisa,2017-03-07 17:42:04,2020-07-23 14:20:44,
xx128387227,Golden Globe Awards,2017-01-07 16:43:47,2020-07-23 14:20:08,
xx1578918435832450375,Marco Motta,2020-01-13 19:27:16,2020-07-23 14:23:31,
xx1580977291873120759,JB Sumarlin Meninggal,2020-02-06 15:21:32,2020-07-23 14:23:36,
xx218678109,Obat Ilegal,2017-01-12 21:25:29,2020-07-23 14:20:13,
xx1164316938,Wisata Mistis,2017-09-12 12:29:22,2020-07-23 14:21:30,
xx1011881703,Bandung Barat,2017-02-23 20:31:55,2020-07-23 14:20:39,
xx45900667,China,2016-12-22 14:42:02,2020-07-23 14:19:55,
xx1580894172382559754,Aplikasi,2020-02-05 16:16:12,2020-07-23 14:23:36,
xx1578316249686654667,Reynhard Sinaga Predator Seks,2020-01-06 20:10:50,2020-07-23 14:23:29,
xx888182333,Anang Hermansyah,2017-02-12 09:37:29,2020-07-23 14:20:33,
xx84257499,Pertamina,2017-01-02 11:11:15,2020-07-23 14:20:04,
xx1042406031,Puan Maharani,2017-03-22 15:50:48,2020-07-23 14:20:50,
xx1036236609,Tekstil,2017-04-25 08:25:21,2020-07-23 14:21:00,
xx27431110790316205,Harga Smartphone,2018-09-14 17:42:04,2020-07-23 14:22:29,
xx982655406,Banjir Jakarta,2017-02-16 12:30:56,2020-07-23 14:20:36,
xx408653699,Aurel Hermansyah,2017-01-21 20:14:05,2020-07-23 14:20:20,
xx1578108624721195251,Lina Meninggal,2020-01-04 10:30:25,2020-07-23 14:23:29,
xx447350949,Ade Rai,2017-01-24 11:10:26,2020-07-23 14:20:22,
xx1046512617,Angel Lelga,2017-04-01 15:10:38,2020-07-23 14:20:53,
xx27431110790315624,Wolverhampton Wanderers,2018-08-07 17:31:17,2020-07-23 14:22:21,
xx1580525288039815834,Hubei,2020-02-01 09:48:08,2020-07-23 14:23:35,
xx1552970187023263376,Movies,2019-03-19 11:36:27,2020-07-23 14:22:52,
xx1033663163,Pengusaha,2017-04-19 13:15:49,2020-07-23 14:20:58,
xx1036654523,Pertumbuhan Ekonomi,2017-04-26 09:28:12,2020-07-23 14:21:01,
xx862896021,KPR,2017-02-11 10:10:15,2020-07-23 14:20:33,
xx27431110790316635,Papua Barat,2018-10-20 11:42:17,2020-07-23 14:22:34,
xx1009879579,Kuis kumparan,2017-02-23 11:11:41,2020-07-23 14:20:39,
xx1581314734068882695,Anak Karen Idol Meninggal,2020-02-10 13:05:34,2020-07-23 14:23:37,
xx44541964,Pariwisata,2016-12-21 18:29:39,2020-07-23 14:19:54,
xx1557899197728237920,Archie Harrison,2019-05-15 12:46:38,2020-07-23 14:22:59,
xx27313295,Apple,2016-11-20 19:54:48,2020-07-23 14:34:19,
xx1030050907,UGM,2017-03-08 15:58:50,2020-07-23 14:20:44,
xx1581333628284561121,Nanie Darham,2020-02-10 18:20:28,2020-07-23 14:23:37,
xx1552970138514141460,Warner Bros,2019-03-19 11:35:39,2020-07-23 14:22:52,
xx1567814460327652332,Naturalisasi Pesepak Bola,2019-09-07 07:01:00,2020-07-23 14:23:12,
xx1024326874,Dana Desa,2017-03-03 15:23:08,2020-07-23 14:20:43,
xx27431110790313841,Jamie Vardy,2018-03-29 16:56:17,2020-07-23 14:22:03,
xx38704765,Industri,2016-12-16 16:22:42,2020-07-23 14:19:51,
xx1037360120,SPBU,2017-03-14 16:10:46,2020-07-23 14:20:47,
xx39326972,Thailand,2016-12-17 18:18:33,2020-07-23 14:19:52,
xx27428824,Sejarah,2016-11-21 14:34:22,2020-07-23 14:19:50,
xx274095664,Kanker Payudara,2017-01-15 09:52:19,2020-07-23 14:20:15,
xx27431110790315962,Before-after Seleb,2018-08-29 13:42:59,2020-07-23 14:22:26,
xx40710353,Parenting,2016-12-19 16:49:45,2020-07-23 14:19:53,
xx1549901827006096693,Ashley Young,2019-02-11 23:17:07,2020-07-23 14:22:48,
xx27435843,Papua,2016-11-21 14:34:22,2020-07-23 14:34:21,
xx27432388,Pendidikan,2016-11-21 14:34:54,2020-07-23 14:19:51,
xx1036740843,Lampu Edison,2017-04-26 13:10:34,2020-07-23 14:21:01,
xx27431110790314731,Wellness,2018-06-03 12:17:30,2020-07-23 14:22:12,
xx165587702,Megawati Soekarnoputri,2017-01-10 15:40:52,2020-07-23 14:20:11,
xx1159569241,Jeje 'Govinda',2017-06-24 17:21:58,2020-07-23 14:21:17,
xx227524727,Bupati Buton,2017-01-13 11:48:06,2020-07-23 14:20:14,
xx1018798234,Masjid Biru,2017-04-04 13:11:50,2020-07-28 20:44:32,
xx27431110790315439,Harry Maguire,2018-07-27 13:55:05,2020-07-23 14:22:19,
xx1049044721,Sido Muncul,2017-05-19 11:41:27,2020-07-23 14:21:08,
xx27311614,Bundesliga,2016-11-20 19:54:48,2020-07-23 14:19:50,
xx1581414636560460302,Lucinta Luna Ditangkap,2020-02-11 16:50:37,2020-07-23 14:23:38,
xx27431110790313468,Nama Anak,2018-03-01 10:59:56,2020-07-23 14:21:58,
xx27431110790314809,Unnes,2018-06-08 14:01:48,2020-07-23 14:22:12,
xx250665685,Artis Melahirkan,2017-01-14 10:43:30,2020-07-23 14:20:15,
xx43204380,Volkswagen,2016-12-21 08:36:25,2020-07-23 14:19:54,
xx27431110790317682,Ha Jung Woo,2019-01-20 10:04:43,2020-07-23 14:22:45,
xx1164316634,Getafe,2017-08-17 03:06:58,2020-07-23 14:21:27,
xx1032301168,SPT Pajak,2017-03-10 12:32:12,2020-07-23 14:20:45,
xx1045168998,KBS Music Bank,2017-03-29 15:04:44,2020-07-23 14:20:53,
xx53848256,PSSI,2016-12-27 10:31:01,2020-07-23 14:20:01,
xx1579415831852312786,Virus Wuhan,2020-01-19 13:37:12,2020-07-23 14:23:32,
xx27431110790313428,BWF,2018-02-26 16:11:13,2020-07-23 14:21:58,
xx27431110790317837,Federico Chiesa,2019-01-31 05:43:04,2020-07-23 14:22:47,
xx27431110790316972,Kabar Daerah,2018-11-21 14:02:38,2020-07-23 14:22:38,
xx1562903994416333347,Perempuan Tanah Jahanam,2019-07-12 10:59:54,2020-07-23 14:23:06,
xx1578905268970708765,Indonesia Masters,2020-01-13 15:47:49,2020-07-23 14:23:31,
xx27431110790312907,Kesehatan Bayi,2018-01-24 15:50:49,2020-07-23 14:21:52,
xx1036470045,Pinkan Mambo,2017-04-25 18:48:55,2020-07-23 14:21:01,
xx27431110790313884,Hyun Bin,2018-04-03 11:29:55,2020-07-23 14:22:03,
xx22552349,Nasional,2016-11-09 18:37:23,2020-07-23 14:19:49,
xx68334751,Manchester City,2016-12-30 11:12:16,2020-07-23 14:20:03,
xx1581164475625927933,Penembakan di Thailand,2020-02-08 19:21:16,2020-07-23 14:23:37,
xx42227233,Kepolisian RI,2016-12-20 15:39:49,2020-07-23 14:19:54,
xx27431110790316065,B.I iKON,2018-09-05 09:56:00,2020-07-23 14:22:27,
xx66789959,Roy Marten,2016-12-29 21:32:08,2020-07-23 14:20:02,
xx1578887791860417888,Samsung Galaxy A51,2020-01-13 10:56:32,2020-07-23 14:23:30,
xx138036179,Gerindra,2017-01-08 21:42:10,2020-07-23 14:20:09,
xx59048170,EXO,2016-12-28 16:43:13,2020-07-23 14:20:01,
xx1574875674773540051,Juergen Klinsmann,2019-11-28 00:27:55,2020-07-23 14:23:24,
xx27431110790314060,Melahirkan,2018-04-16 13:40:35,2020-07-23 14:22:05,
xx1576822059242939304,Tahun Baru 2020,2019-12-20 13:07:39,2020-07-23 14:23:28,
xx41662028,Samsung,2016-12-20 11:36:55,2020-07-23 14:19:53,
xx27431110790311946,Komparasi Artis,2017-11-30 07:20:43,2020-07-23 14:21:42,
xx27431110790312651,Musim Salju,2018-01-10 12:08:19,2020-07-23 14:21:49,
xx115244744,Jennifer Lopez,2017-01-06 13:27:08,2020-07-23 14:20:07,
xx27431110790315788,Idham Azis,2018-08-16 16:32:59,2020-07-23 14:22:23,
xx1551085776962498474,Timnas Indonesia,2019-02-25 16:09:37,2020-07-23 14:22:49,
xx1040355219,Jane Shalimar,2017-05-05 09:14:23,2020-07-23 14:21:04,
xx27431110790313137,PSS Sleman,2018-02-07 15:00:13,2020-07-23 14:21:55,
xx1579241236583665311,Benny Tjokro,2020-01-17 13:07:17,2020-07-23 14:23:32,
xx33026683,Manado,2016-12-05 11:43:47,2020-07-23 14:19:51,
xx1040381295,Smartwatch,2017-03-17 13:21:37,2020-07-23 14:20:49,
xx27431110790316508,Cukai Rokok,2018-10-09 14:07:53,2020-07-23 14:22:32,
xx126358001,Kominfo,2017-01-07 13:17:12,2020-07-23 14:20:08,
xx1553667368676942332,Avengers: Endgame,2019-03-27 13:16:09,2020-07-23 14:22:53,
xx1040408689,Novel,2017-03-17 14:25:36,2020-07-23 14:20:49,
xx1162638708,Richard Kyle,2017-07-03 21:34:20,2020-07-23 14:21:18,
xx123096925,Biologi,2017-01-07 07:22:24,2020-07-23 14:20:08,
xx1572075466760333402,Tarif Tol,2019-10-26 14:37:47,2020-07-23 14:23:19,
xx123250852,Julian Nagelsmann,2017-01-07 07:35:59,2020-07-23 14:20:08,
xx1164316772,Vaksin,2017-08-29 17:14:17,2020-07-23 14:21:28,
xx27431110790315945,Cepat Hamil,2018-08-28 16:37:03,2020-07-23 14:22:26,
xx242773172,SNMPTN,2017-01-14 00:48:24,2020-07-23 14:20:14,
xx188112609,Kemenhub,2017-01-11 14:22:00,2020-07-23 14:20:12,
xx1024305958,Jagung,2017-03-03 15:05:47,2020-07-23 14:20:43,
xx1164316962,Maurizio Sarri,2017-09-13 18:28:21,2020-07-23 14:21:30,
xx185164868,REVIEW,2017-01-11 11:50:25,2020-07-23 14:20:12,
xx1581922088425396939,Mitos Presiden ke Kediri,2020-02-17 13:48:08,2020-07-23 14:23:39,
xx27431110790313899,Suap DPRD Sumut,2018-04-03 17:54:54,2020-07-23 14:22:03,
xx1072436430,Monsta X,2017-08-02 15:46:04,2020-07-23 14:21:24,
xx819621851,Kalimantan Selatan,2017-02-09 14:56:45,2020-07-23 14:20:32,
xx27431110790312122,Harbolnas,2017-12-12 11:10:28,2020-07-23 14:21:44,
xx40655854,K-Pop,2016-12-19 15:44:05,2020-07-23 14:19:53,
xx22661882,Amerika Serikat,2016-11-10 11:33:43,2020-07-23 14:19:50,
xx27431110790313136,Wojciech Szczesny,2018-02-07 14:19:41,2020-07-23 14:21:55,
xx361008166,Gibran Rakabuming,2017-01-19 15:16:17,2020-07-23 14:20:19,
xx338797555,Depok,2017-01-18 11:25:26,2020-07-23 14:20:18,
xx27426642,Misteri,2016-11-21 14:34:05,2020-07-23 14:19:50,
xx33160653,Investasi,2016-12-05 21:31:02,2020-07-23 14:19:51,
xx27313247,Twitter,2016-11-20 19:54:48,2020-07-23 14:34:18,
xx106372700,Obat Kuat,2017-01-05 10:37:14,2020-07-23 14:20:06,
xx1050182184,Suho EXO,2017-05-22 13:16:15,2020-07-23 14:21:08,
xx1573541337800399701,Kartu Prakerja,2019-11-12 13:48:58,2020-07-23 14:23:22,
xx36060446,Artis,2016-12-12 14:23:00,2020-07-23 14:19:51,
xx1578481419680370184,Wahyu Setiawan,2020-01-08 18:03:40,2020-07-23 14:23:30,
xx1041830200,Susu Formula,2017-03-21 08:50:08,2020-07-23 14:20:50,
xx1164316490,NCT 127,2017-08-08 06:50:00,2020-07-23 14:21:25,
xx1579770815215969378,Teddy Pardiana,2020-01-23 16:13:35,2020-07-23 14:23:33,
xx27431110790313080,Body Shaming,2018-02-04 12:16:46,2020-07-23 14:21:54,
xx27431110790317731,Praveen/Melati,2019-01-22 21:58:33,2020-07-23 14:22:45,
xx1034523010,Asabri,2017-04-20 13:09:24,2020-07-23 14:20:59,
xx1578893399043232642,Pansus Jiwasraya,2020-01-13 12:29:59,2020-07-23 14:23:31,
xx43486705,Inter Milan,2016-12-21 11:36:06,2020-07-23 14:19:54,
xx1585650323326314070,Kebijakan Corona Jokowi,2020-03-31 17:25:23,2020-07-23 14:23:52,
xx40710244,Anak,2016-12-19 16:49:35,2020-07-23 14:19:53,
xx1044499863,Shandy Aulia,2017-03-27 21:45:09,2020-07-23 14:20:52,
xx66771070,Borussia Dortmund,2016-12-29 21:25:06,2020-07-23 14:20:02,
xx27431110790316696,Ekonomi Digital,2018-10-25 11:53:24,2020-07-23 14:22:34,
xx45920297,Napoli,2016-12-22 14:55:12,2020-07-23 14:19:55,
xx116958721,Kesehatan Anak,2017-01-06 16:15:06,2020-07-23 14:20:07,
xx39172856,Drama Korea,2016-12-17 12:14:53,2020-07-23 14:19:51,
xx50092621,Ridwan Kamil,2016-12-25 10:29:18,2020-07-23 14:19:59,
xx1164317026,Pasar Pramuka,2017-09-17 19:01:42,2020-07-23 14:21:31,
xx1163160801,Jerawat,2017-07-05 09:22:20,2020-07-23 14:21:18,
xx1582538293649403238,Promo Tiket Pesawat,2020-02-24 16:58:14,2020-07-23 14:23:42,
xx40315246,Nama Bayi,2016-12-19 09:11:28,2020-07-23 14:19:52,
xx1581414461727529367,Tes CPNS,2020-02-11 16:47:42,2020-07-23 14:23:38,
xx1573443081038416929,Keputihan,2019-11-11 10:31:21,2020-07-23 14:23:22,
xx107156920,Jogja,2017-01-05 11:47:58,2020-07-23 14:20:06,
xx1578460453736644099,AFC Cup 2020,2020-01-08 12:14:14,2020-07-23 14:23:30,
xx41621208,Perempuan,2016-12-20 11:15:11,2020-07-23 14:19:53,
xx1049181953,Natuna,2017-05-19 17:47:17,2020-07-23 14:21:08,
xx997996473,Bursa Saham,2017-02-20 15:47:41,2020-07-23 14:20:37,
xx52911480,Hoax,2016-12-26 18:55:31,2020-07-29 14:59:38,
xx47087594,Sukarno,2016-12-23 13:42:19,2020-07-23 14:19:58,
xx583330996,Raline Shah,2017-01-30 17:06:56,2020-07-23 14:20:26,
xx1578377187124563783,Sun Life Resolution Run,2020-01-07 13:06:27,2020-07-23 14:23:29,
xx22553321,Ekonomi,2016-11-09 18:37:23,2020-07-23 14:19:49,
xx1575034184427381422,Hakim PN Medan Tewas,2019-11-29 20:29:44,2020-07-23 14:23:25,
xx1575030098208813660,Kuis,2019-11-29 19:21:38,2020-07-23 14:23:25,
xx1033052545,Seks,2017-03-11 00:02:26,2020-07-23 14:20:46,
xx1006862736,Mike Lewis,2017-02-22 17:43:49,2020-07-23 14:20:38,
xx27431110790315394,Liga 1,2018-07-25 17:18:14,2020-07-23 14:22:18,
xx1561643651167418189,Adhisty Zara,2019-06-27 20:54:11,2020-07-23 14:23:03,
xx1054924467,Lippo Group,2017-07-06 13:43:29,2020-07-23 14:21:19,
xx46119916,Anies Baswedan,2016-12-22 17:17:09,2020-07-23 14:19:55,
xx27431110790313441,Gangguan Tidur,2018-02-27 17:54:33,2020-07-23 14:21:58,
xx1023156304,Polda Jateng,2017-04-11 14:05:29,2020-07-23 14:20:56,
xx1580547704233979600,Masker N95,2020-02-01 16:01:44,2020-07-23 14:23:35,
xx27431110790313515,Menyusui,2018-03-04 19:22:59,2020-07-23 14:21:59,
xx1575605105273010766,Perawatan Wajah,2019-12-06 11:05:05,2020-07-23 14:23:26,
xx1033977097,Helikopter,2017-04-20 10:21:47,2020-07-23 14:20:59,
xx43274129,Pramuka,2016-12-21 10:22:11,2020-07-23 14:19:54,
xx307757936,Gajah,2017-01-16 17:27:01,2020-07-23 14:20:16,
xx27431110790315069,Haruka eks JKT48,2018-07-05 17:35:49,2020-07-23 14:22:15,
xx27431110790315626,Menghilangkan Jerawat,2018-08-07 17:54:10,2020-07-23 14:22:21,
xx498307712,Budi Gunawan,2017-01-26 15:48:09,2020-07-23 14:20:23,
xx1578283541264082746,Jadwal Bola,2020-01-06 11:05:41,2020-07-23 14:23:29,
xx22596701,Politik,2016-11-09 18:35:46,2020-07-23 14:19:49,
xx1580198538034624492,Putri Saudi Tertipu di Bali,2020-01-28 15:02:18,2020-07-23 14:23:34,
xx1563540018773485041,Pablo Benua,2019-07-19 19:40:19,2020-07-23 14:23:07,
xx27431110790316200,Dolar,2018-09-14 14:12:38,2020-07-23 14:22:29,
xx1164317447,Sophie Turner,2017-10-17 17:12:55,2020-07-23 14:21:35,
xx27313197,Media Sosial,2016-11-20 19:54:48,2020-07-23 14:19:50,
xx1576991452487844821,Demo Anti-RUU di India,2019-12-22 12:10:52,2020-07-23 14:23:28,
xx1574140436381231801,Shin Tae-yong,2019-11-19 12:13:56,2020-07-23 14:23:23,
xx27431110790312055,Bayi,2017-12-07 20:45:06,2020-07-23 14:21:43,
xx1164317513,Maskapai Penerbangan,2017-10-23 08:00:55,2020-07-23 14:21:36,
xx1579158956129924970,Theo Hernandez,2020-01-16 14:15:56,2020-07-23 14:23:32,
xx779939502,Red Velvet,2017-02-07 15:50:50,2020-07-23 14:20:31,
xx1037567104,Pedofil Online,2017-03-14 18:46:55,2020-07-23 14:20:48,
xx1038780061,Lucu,2017-03-15 14:34:11,2020-07-23 14:20:48,
xx1579588165238912490,USBN,2020-01-21 13:29:25,2020-07-23 14:23:33,
xx43170967,Generasi Milenial,2016-12-21 07:43:58,2020-07-23 14:19:54,
xx1572236006465450778,Prostitusi Online,2019-10-28 11:13:26,2020-07-23 14:23:19,
xx1549966820312572273,Sulawesi Barat,2019-02-12 17:20:20,2020-07-23 14:22:48,
xx1577439641827099435,Gagal Bayar Jiwasraya,2019-12-27 16:40:42,2020-07-23 14:23:28,
xx1580877281329230287,Kompol Rossa,2020-02-05 11:34:41,2020-07-23 14:23:36,
xx1032868945,Disneyland,2017-04-17 14:22:40,2020-07-23 14:20:58,
xx515088994,Ibu Hamil,2017-01-27 10:30:01,2020-07-23 14:20:24,
xx1576542287155615672,Musim Hujan,2019-12-17 07:24:47,2020-07-23 14:23:28,
xx27431110790316091,Sauna,2018-09-06 12:34:08,2020-07-23 14:22:27,
xx982613656,Liga Europa,2017-02-16 12:15:05,2020-07-23 14:20:36,
xx1041860126,Taksi Online,2017-03-21 10:36:56,2020-07-23 14:20:50,
xx112804568,Cabai Rawit Merah,2017-01-06 09:55:40,2020-07-23 14:20:07,
xx27431110790315055,Stunting,2018-07-04 14:25:10,2020-07-23 14:22:15,
xx1560510029361285605,Adrien Rabiot,2019-06-14 18:00:29,2020-07-23 14:23:01,
xx681615147,Bappenas,2017-02-03 18:25:28,2020-07-23 14:20:29,
xx1579250966270981174,La Liga,2020-01-17 15:49:26,2020-07-23 14:23:32,
xx1150531980,Harga Bawang Putih,2017-06-03 10:56:26,2020-07-23 14:21:11,
xx643671428,OJK,2017-02-02 12:13:27,2020-07-23 14:20:28,
xx1581845772872433985,Tiktok,2020-02-16 16:36:13,2020-07-23 14:23:39,
xx1554781967419440534,Teroris,2019-04-09 10:52:47,2020-07-23 14:22:54,
xx1165971267,Deva Mahenra,2017-11-09 10:45:50,2020-07-23 14:21:39,
xx47100002,Bulu Tangkis,2016-12-23 13:50:08,2020-07-23 14:19:58,
xx1049504874,Air Keras,2017-05-20 17:50:52,2020-07-23 14:21:08,
xx1581138133640256720,Oscar 2020,2020-02-08 12:02:14,2020-07-23 14:23:37,
xx1563787296065853678,Parasite,2019-07-22 16:21:36,2020-07-23 14:23:07,
xx998806654,Brad Pitt,2017-02-20 19:53:23,2020-07-23 14:20:37,
xx643232364,Suku Bunga,2017-02-02 11:57:29,2020-07-23 14:20:28,
xx1575948236545946143,Film Milea Suara dari Dilan,2019-12-10 10:23:57,2020-07-23 14:23:26,
xx111707770,Hujan Deras,2017-01-05 23:04:38,2020-07-23 14:20:06,
xx27431110790311893,Meghan Markle,2017-11-27 18:08:01,2020-07-23 14:21:42,
xx985647817,Teuku Wisnu,2017-02-17 09:14:39,2020-07-23 14:20:36,
xx302342161,Bill Gates,2017-01-16 13:53:08,2020-07-23 14:20:16,
xx39323842,Mahasiswa,2016-12-17 18:12:28,2020-07-23 14:19:52,
xx1582002436892624692,Revina VT,2020-02-18 12:07:17,2020-07-23 14:23:40,
xx27431110790315067,Ji Chang-wook,2018-07-05 17:08:11,2020-07-23 14:22:15,
xx296721991,BMW,2017-01-16 09:13:49,2020-07-23 14:20:15,
xx276582207,PKPI,2017-01-15 11:21:55,2020-07-23 14:20:15,
xx938821417,Film Indonesia,2017-02-14 11:25:28,2020-07-23 14:20:34,
xx1571967887713590389,Wakil Menteri Jokowi,2019-10-25 08:44:48,2020-07-23 14:23:19,
xx1571631389161402168,Wishnutama,2019-10-21 11:16:29,2020-07-23 14:23:18,
xx48869099,Ekspor,2016-12-24 12:11:36,2020-07-23 14:19:59,
xx192526553,Pangeran Harry,2017-01-11 17:22:24,2020-07-23 14:20:12,
xx14419232522664626,Angkasa Pura I,2017-11-22 19:18:27,2020-07-23 14:21:41,
xx81734649,Android,2017-01-01 13:17:13,2020-07-23 14:20:04,
xx1578976105979431271,Kulit Berjerawat,2020-01-14 11:28:26,2020-07-23 14:23:31,
xx27431110790316701,Wagub DKI,2018-10-25 15:00:59,2020-07-23 14:22:34,
xx43495928,YouTube,2016-12-21 11:41:15,2020-07-23 14:19:54,
xx1582278981926737972,Miss Indonesia 2020,2020-02-21 16:56:22,2020-07-23 14:23:41,
xx40645352,Mitsubishi,2016-12-19 15:33:12,2020-07-23 14:19:53,
xx1035637714,Produce 101,2017-03-13 09:43:52,2020-07-23 14:20:47,
xx1063984048,Emily Blunt,2017-07-17 17:07:48,2020-07-23 14:21:21,
xx135412798,Hanura,2017-01-08 11:29:54,2020-07-23 14:20:08,
xx71817519,Erick Thohir,2016-12-30 16:05:44,2020-07-23 14:20:03,
xx27431110790313552,Donnie eks ADA Band,2018-03-07 19:42:46,2020-07-23 14:21:59,
xx1033492390,Tantowi Yahya,2017-03-11 11:20:01,2020-07-23 14:20:46,
xx47089953,Raja,2016-12-23 13:44:05,2020-07-23 14:19:58,
xx1580019647777329417,Johny Indo,2020-01-26 13:20:48,2020-07-23 14:23:34,
xx1579149211272159847,Ramalan Zodiak Hari Ini,2020-01-16 11:33:31,2020-07-23 14:23:31,
xx52353894,Barcelona,2016-12-26 14:46:22,2020-07-23 14:20:00,
xx11911567,Keuangan,2016-10-14 21:44:11,2020-07-23 14:19:49,
xx1551259254257749930,Special Effect Makeup Artist,2019-02-27 16:20:54,2020-07-23 14:22:50,
xx1552478432381015764,Bercinta,2019-03-13 19:00:32,2020-07-23 14:22:51,
xx1581209639325391199,Li Wenliang,2020-02-09 07:53:59,2020-07-23 14:23:37,
xx1034523059,Taspen,2017-04-20 13:09:41,2020-07-23 14:20:59,
xx1578198136284627850,Sajaegi,2020-01-05 11:22:16,2020-07-23 14:23:29,
xx1569986614529884542,Demo Buruh di DPR,2019-10-02 10:23:35,2020-07-23 14:23:15,
xx27431110790313852,Bayi Kembar,2018-03-31 12:37:56,2020-07-23 14:22:03,
xx83942904,Bursa Transfer Musim Dingin,2017-01-02 10:05:33,2020-07-23 14:20:04,
xx43505335,Kapolri,2016-12-21 11:45:07,2020-07-23 14:19:54,
xx23120327,Game,2016-11-10 16:30:52,2020-07-23 14:19:50,
xx189468995,Pancasila,2017-01-11 15:27:29,2020-07-23 14:20:12,
xx27434646,Instagram,2016-11-21 14:34:23,2020-07-23 14:19:50,
xx1580218873933290290,Anti Galau Soal Imunisasi,2020-01-28 20:41:14,2020-07-23 14:23:34,
xx765287157,Lyon,2017-02-07 02:36:58,2020-07-23 14:20:30,
xx1066748201,Dipha Barus,2017-07-23 11:25:21,2020-07-23 14:21:22,
xx1578287287251759431,Susu Formula Terbaik,2020-01-06 12:08:07,2020-07-23 14:23:29,
xx1578450711317945942,RunStyle II,2020-01-08 09:31:51,2020-07-23 14:23:30,
xx27431110790316925,Atta Halilintar,2018-11-16 16:25:26,2020-07-23 14:22:37,
xx45899786,Tokoh,2016-12-22 14:40:40,2020-07-23 14:19:55,
xx27431110790312127,1001 media online,2017-12-12 14:00:39,2020-07-23 14:21:44,
xx627252688,Velove Vexia,2017-02-01 18:51:14,2020-07-23 14:20:27,
xx100501557,Kejaksaan Agung,2017-01-04 15:18:02,2020-07-23 14:20:05,
xx41623137,Ayah,2016-12-20 11:15:43,2020-07-23 14:19:53,
xx51445679,Mabes Polri,2016-12-26 08:31:06,2020-07-23 14:20:00,
xx1575695584574398956,Kongres PAN,2019-12-07 12:13:05,2020-07-23 14:23:26,
xx27431110790312039,Kpopedia,2017-12-07 11:21:56,2020-07-23 14:21:43,
xx1157372365,Vicky Prasetyo,2017-06-19 19:12:54,2020-07-23 14:21:16,
xx27431110790315553,Tips Keuangan,2018-08-03 11:47:09,2020-07-23 14:22:20,
xx338820867,Horor,2017-01-18 11:27:16,2020-07-23 14:20:18,
xx46239818,Xbox,2016-12-22 18:32:55,2020-07-23 14:19:57,
xx1549873858694698613,Joko Widodo,2019-02-11 15:30:59,2020-07-23 14:22:48,
xx1164316844,CPNS,2017-09-05 21:52:54,2020-07-23 14:21:29,
xx27431110790314087,Tips Ibu Hamil,2018-04-18 11:32:49,2020-07-23 14:22:05,
xx27431110790317529,Yoona SNSD,2019-01-09 19:29:57,2020-07-23 14:22:43,
xx1580977253025849394,JB Sumarlin,2020-02-06 15:20:53,2020-07-23 14:23:36,
xx1164317241,Stasiun Manggarai,2017-10-03 10:20:21,2020-07-23 14:21:33,
xx1044692461,Konser K-pop,2017-05-13 12:28:28,2020-07-23 14:21:06,
xx1032038635,Guinness World Record,2017-04-15 04:39:06,2020-07-23 14:20:57,
xx115824678,Paul Pogba,2017-01-06 14:30:58,2020-07-23 14:20:07,
xx1164316632,Lebak,2017-08-16 19:28:23,2020-07-23 14:21:27,
xx27431110790315853,Standar Kecantikan,2018-08-21 16:43:19,2020-07-23 14:22:24,
xx435228901,eSport,2017-01-23 17:27:31,2020-07-23 14:20:21,
xx1579581040961494762,Virus Corona,2020-01-21 11:30:41,2020-07-23 14:23:33,
xx27431110790311928,Selebriti Korea,2017-11-29 11:29:58,2020-07-23 14:21:42,
xx27431110790316702,DPRD DKI,2018-10-25 15:03:53,2020-07-23 14:22:34,
xx27431110790317512,Prabowo,2019-01-08 14:49:26,2020-07-23 14:22:43,
xx27431110790316765,Sperma,2018-10-30 19:25:02,2020-07-23 14:22:35,
xx1164317427,Taemin,2017-10-16 13:41:54,2020-07-23 14:21:35,
xx68346322,AS Roma,2016-12-30 11:14:19,2020-07-23 14:20:03,
xx1164316806,Pengobatan Alternatif,2017-09-01 06:30:41,2020-07-23 14:21:29,
xx39324947,Aceh,2016-12-17 18:14:38,2020-07-23 14:19:51,
xx1579250875949041748,Serie A,2020-01-17 15:47:56,2020-07-23 14:23:32,
xx152104836,Kesehatan,2017-01-09 20:41:30,2020-07-23 14:20:10,
xx47089730,Padang,2016-12-23 13:43:32,2020-07-23 14:19:58,
xx22661658,Makeup,2016-11-10 11:33:43,2020-07-23 14:19:50,
xx39319843,Bioskop,2016-12-17 18:05:49,2020-07-23 14:19:51,
xx1582775232702405773,Kerusuhan India,2020-02-27 10:47:13,2020-07-23 14:23:43,
xx1579740199434479324,Yumos Garage,2020-01-23 07:43:19,2020-07-23 14:23:33,
xx1580795758199879687,Valentine,2020-02-04 12:55:58,2020-07-23 14:23:36,
xx1581569444954259282,RUU Cipta Kerja,2020-02-13 11:50:45,2020-07-23 14:23:38,
xx57302239,Tips,2016-12-28 11:01:15,2020-07-23 14:20:01,
xx46860489,Pasar,2016-12-23 11:07:40,2020-07-23 14:19:58,
xx1581941241233752568,Psikolog,2020-02-17 19:07:21,2020-07-23 14:23:39,
xx43682405,Emas,2016-12-21 12:46:12,2020-07-23 14:19:54,
xx27431110790313504,Festival Cap Go Meh,2018-03-03 19:23:56,2020-07-23 14:21:59,
xx1576122996403379784,Pilwalkot Solo,2019-12-12 10:56:36,2020-07-23 14:23:27,
xx1039394600,Curhat Selebriti,2017-05-02 11:46:08,2020-07-23 14:21:03,
xx1155540790,Rumah Sakit,2017-06-14 23:28:13,2020-07-23 14:21:15,
xx57254918,Juergen Klopp,2016-12-28 10:38:00,2020-07-23 14:20:01,
xx1554166109177424625,Gaji PNS,2019-04-02 07:48:29,2020-07-23 14:22:53,
xx27431110790315054,Industri Mamin,2018-07-04 13:13:25,2020-07-23 14:22:15,
xx49137263,Listrik,2016-12-24 15:22:34,2020-07-23 14:19:59,
xx1580536426334949723,Evakuasi WNI dari Wuhan,2020-02-01 12:53:46,2020-07-23 14:23:35,
xx1153814179,Joe Jonas,2017-06-12 10:53:36,2020-07-23 14:21:14,
xx76684883,Kemendikbud,2016-12-31 11:18:46,2020-07-23 14:20:03,
xx1164316987,Listicle Artis,2017-09-15 10:28:23,2020-07-23 14:21:31,
xx40711095,Bali,2016-12-19 16:50:34,2020-07-23 14:19:53,
xx671270912,Sumatera Utara,2017-02-03 11:42:05,2020-07-23 14:20:29,
xx46172707,Malaysia,2016-12-22 17:47:48,2020-07-23 14:19:55,
xx27431110790316865,Formula E,2018-11-11 19:46:19,2020-07-23 14:22:36,
xx27431110790313742,Caesar Hito,2018-03-21 22:39:52,2020-07-23 14:22:01,
xx200440120,Coppa Italia,2017-01-12 03:00:26,2020-07-23 14:20:13,
xx27431110790315434,Lisa Blackpink,2018-07-27 11:49:50,2020-07-23 14:22:19,
xx504751535,Wulan Guritno,2017-01-26 20:48:16,2020-07-23 14:20:24,
xx27431110790313882,Dokter Terawan,2018-04-03 10:02:38,2020-07-23 14:22:03,
xx807746585,Hari Pers Nasional,2017-02-08 18:41:48,2020-07-23 14:20:31,
xx1164316466,Pangeran Charles,2017-08-07 11:23:30,2020-07-23 14:21:25,
xx1555927130833817170,Gossip Girl,2019-04-22 16:58:51,2020-07-23 14:22:56,
xx47091877,Musisi,2016-12-23 13:45:35,2020-07-23 14:19:58,
xx273342551,Amien Rais,2017-01-15 09:12:44,2020-07-23 14:20:15,
xx27431110790312237,Nadiem Makarim,2017-12-15 19:18:00,2020-07-23 14:21:45,
xx1550748965667579846,LHKPN,2019-02-21 18:36:06,2020-07-23 14:22:49,
xx27431110790312980,Boy William,2018-01-28 17:29:12,2020-07-23 14:21:53,
xx27431110790315022,Sertifikasi Halal,2018-07-03 09:52:59,2020-07-23 14:22:15,
xx469127937,Madura United,2017-01-25 10:39:43,2020-07-23 14:20:23,
xx986893468,Sports Illustrated,2017-02-17 15:42:36,2020-07-23 14:20:36,
xx930500630,Wendy Red Velvet,2017-02-13 23:41:06,2020-07-23 14:20:34,
xx1041981023,KPAI,2017-03-21 15:42:08,2020-07-23 14:20:50,
xx1580517623865528265,Odion Ighalo,2020-02-01 07:40:24,2020-07-23 14:23:35,
xx27432949,Sepak Bola,2016-11-21 14:34:54,2020-07-23 14:19:50,
xx1579923192688595571,Novel Coronavirus,2020-01-25 10:33:13,2020-07-23 14:23:34,
xx1064299099,Kecelakaan Pesawat,2017-07-18 11:38:18,2020-07-23 14:21:21,
xx1045154342,Ariana Grande,2017-03-29 14:32:03,2020-07-23 14:20:53,
xx27431110790312902,AFC Cup,2018-01-24 14:13:21,2020-07-23 14:21:52,
xx1579144059671678353,Dave Hendrik,2020-01-16 10:07:40,2020-07-23 14:23:32,
xx1581568205740253131,Pemukulan Siswi di Purworejo,2020-02-13 11:30:06,2020-07-23 14:23:38,
xx40479231,Pesawat,2016-12-19 13:52:51,2020-07-23 14:19:53,
xx1028546794,Kera,2017-03-07 11:25:52,2020-07-23 14:20:44,
xx1164317721,Kang Daniel,2017-11-07 15:39:19,2020-07-23 14:21:39,
xx160570769,Pasar Minggu,2017-01-10 11:20:59,2020-07-23 14:20:10,
xx1580821281841239386,Penghina Wali Kota Risma,2020-02-04 20:01:22,2020-07-23 14:23:36,
xx27431110790315749,Pasangan,2018-08-14 16:56:48,2020-07-23 14:22:23,
xx46199282,Jepang,2016-12-22 17:57:18,2020-07-23 14:19:56,
xx123243301,Liga Jerman,2017-01-07 07:35:26,2020-07-23 14:20:08,
xx14419232522099534,Pegadaian,2017-11-21 21:05:07,2020-07-23 14:21:41,
xx43505559,Polisi,2016-12-21 11:45:17,2020-07-23 14:19:54,
xx107297048,Garuda Indonesia,2017-01-05 12:02:38,2020-07-23 14:20:06,
xx161360834,Tidur Siang,2017-01-10 12:01:33,2020-07-23 14:20:10,
xx27431110790314756,Kerajaan Inggris,2018-06-04 13:00:53,2020-07-23 14:22:12,
xx47121690,PKS,2016-12-23 13:59:05,2020-07-23 14:19:58,
xx47728951,Katolik,2016-12-23 17:41:31,2020-07-23 14:19:59,
xx27431110790314703,Retno Marsudi,2018-05-31 08:57:54,2020-07-23 14:22:11,
xx1035591314,Miss Indonesia,2017-04-23 11:23:59,2020-07-23 14:21:00,
xx1150971904,Honda Beat Street,2017-06-04 17:26:01,2020-07-23 14:21:12,
xx1164317720,Chanyeol EXO,2017-11-07 15:36:04,2020-07-23 14:21:39,
xx299084005,Pangeran William,2017-01-16 11:56:13,2020-07-23 14:20:16,
xx1026492030,PT Taspen,2017-03-05 13:46:11,2020-07-23 14:20:43,
xx1580982584370272458,Jimat CPNS,2020-02-06 16:49:44,2020-07-23 14:23:36,
xx1049228509,Syahnaz Sadiqah,2017-05-19 20:32:53,2020-07-23 14:21:08,
xx1579515069152372121,Cawagub DKI,2020-01-20 17:11:09,2020-07-23 14:23:32,
xx1578544086633146312,ASN,2020-01-09 11:28:07,2020-07-23 14:23:30,
xx1564658947325377077,Nonton film,2019-08-01 18:29:07,2020-07-23 14:23:08,
xx27431110790314666,Produk Kecantikan,2018-05-27 13:48:13,2020-07-23 14:22:11,
xx1573442074821671566,Adama Traore,2019-11-11 10:14:35,2020-07-23 14:23:22,
xx37930111,OTT KPK,2016-12-15 11:46:13,2020-07-23 14:19:51,
xx46197905,Irak,2016-12-22 17:56:13,2020-07-23 14:19:56,
xx925535094,Laporan Keuangan,2017-02-13 20:09:37,2020-07-23 14:20:34,
xx92720857,Mesut Oezil,2017-01-03 15:19:33,2020-07-23 14:20:05,
xx27431110790311956,Bambang Widjojanto,2017-11-30 17:39:20,2020-07-23 14:21:43,
xx1047511214,Polri,2017-04-03 20:05:33,2020-07-23 14:20:54,
xx27431110790313026,Pierre-Emerick Aubameyang,2018-01-31 18:36:02,2020-07-23 14:21:53,
xx517006348,Variety Show Korea,2017-01-27 12:03:57,2020-07-23 14:20:24,
xx27431110790317571,Osvaldo Haay,2019-01-11 15:05:54,2020-07-23 14:22:44,
xx27431110790312951,Sheila Dara,2018-01-26 11:42:14,2020-07-23 14:21:53,
xx27431110790317708,Nurhadi,2019-01-21 18:13:12,2020-07-23 14:22:45,
xx1562046731026750349,Trimester Kedua,2019-07-02 12:52:11,2020-07-23 14:23:04,
xx46201121,Korea Utara,2016-12-22 17:59:33,2020-07-23 14:19:56,
xx152133434,Aries,2017-01-09 20:43:44,2020-07-23 14:20:10,
xx1549885980800709629,Hari Valentine,2019-02-11 18:53:01,2020-07-23 14:22:48,
xx27431110790317780,Ahok-Puput,2019-01-26 09:32:08,2020-07-23 14:22:46,
xx27431110790316457,Listicle Drama Korea,2018-10-04 16:30:05,2020-07-23 14:22:31,
xx1579084558962660884,Cara Menghilangkan Jerawat,2020-01-15 17:35:59,2020-07-23 14:23:31,
xx47080787,Penyakit,2016-12-23 13:39:11,2020-07-23 14:19:58,
xx1580874040751118244,Andre Rosiade,2020-02-05 10:40:41,2020-07-23 14:23:36,
xx1551265073903818115,Tips Pekerjaan,2019-02-27 17:57:54,2020-07-23 14:22:50,
xx1037665880,Bambang Pamungkas,2017-03-14 20:12:14,2020-07-23 14:20:48,
xx27431110790313972,Tips Pengasuhan,2018-04-08 16:05:52,2020-07-23 14:22:04,
xx1571907725827896414,Gibran,2019-10-24 16:02:06,2020-07-23 14:23:19,
xx43488028,Lazio,2016-12-21 11:36:24,2020-07-23 14:19:54,
xx1559908967116852160,Seks saat Hamil,2019-06-07 19:02:47,2020-07-23 14:23:01,
xx27431110790315073,Chika Jessica,2018-07-05 18:57:52,2020-07-23 14:22:15,
xx1582114169807437949,Kuretase,2020-02-19 19:09:30,2020-07-23 14:23:41,
xx1027438074,Universitas Indonesia,2017-03-06 13:06:49,2020-07-23 14:20:43,
xx14419232522678510,Aktris Korea Selatan,2017-11-22 19:40:46,2020-07-23 14:21:41,
xx27431110790312032,Tarif Tol Naik,2017-12-06 19:49:27,2020-07-23 14:21:43,
xx92885856,Medan,2017-01-03 16:10:12,2020-07-23 14:20:05,
xx115821780,Zlatan Ibrahimovic,2017-01-06 14:30:20,2020-07-23 14:20:07,
xx1568786295130437401,Ningsih Tinampi,2019-09-18 12:58:15,2020-07-23 14:23:13,
xx1576830242577956286,Dewas KPK,2019-12-20 15:24:03,2020-07-23 14:23:28,
xx46836046,Televisi,2016-12-23 10:45:14,2020-07-23 14:19:57,
xx1569251134736924199,OTT Perum Perindo,2019-09-23 22:05:35,2020-07-23 14:23:14,
xx41570291,Jusuf Kalla,2016-12-20 10:49:58,2020-07-23 14:19:53,
xx41566010,Presiden Jokowi,2016-12-20 10:48:33,2020-07-23 14:19:53,
xx1567501926343930779,Joker,2019-09-03 16:12:06,2020-07-23 14:23:12,
xx27431110790316866,Vagina,2018-11-12 07:05:23,2020-07-23 14:22:36,
xx1579526654590749783,Berita Populer,2020-01-20 20:24:15,2020-07-23 14:23:33,
xx27426474, Internet,2016-11-21 14:34:05,2020-07-23 14:19:50,
xx347858007,Penipuan,2017-01-18 21:14:20,2020-07-23 14:20:19,
xx33023784,Bandung,2016-12-05 11:40:50,2020-07-23 14:19:51,
xx91154542,Selfie,2017-01-03 09:43:28,2020-07-23 14:20:04,
xx1155477440,Nia Dinata,2017-06-14 20:54:18,2020-07-23 14:21:15,
xx994116904,Kemensos,2017-02-19 14:17:54,2020-07-23 14:20:37,
xx1039395424,Twice,2017-05-02 11:50:06,2020-07-23 14:21:02,
xx27431110790313788,Bryan Domani,2018-03-26 21:02:20,2020-07-23 14:22:02,
xx1064805230,Film Dilan,2017-07-19 10:54:56,2020-07-23 14:21:21,
xx40335867,Running Man,2016-12-19 09:49:40,2020-07-23 14:19:52,
xx40776100,Ganjil Genap,2016-12-19 18:17:40,2020-08-07 13:57:39,
xx24838744,Filosofi,2016-11-15 14:35:36,2020-07-23 14:19:50,
xx27311747,Liga Italia,2016-11-20 19:54:48,2020-07-23 14:19:50,
xx1578019790646268939,Golden Globes,2020-01-03 09:49:51,2020-07-23 14:23:29,
xx27431110790314024,Shin Min Ah,2018-04-13 11:14:11,2020-12-21 16:25:43,
xx1581921098891937852,Pramono Anung,2020-02-17 13:31:39,2020-07-23 14:23:39,
xx43488669,AC Milan,2016-12-21 11:36:46,2020-07-23 14:19:54,
xx1042308396,Houthi,2017-03-22 12:14:45,2020-07-23 14:20:50,
xx925519795,Laba Perusahaan,2017-02-13 20:08:59,2020-07-23 14:20:34,
xx1021983187,Adinia Wirasti,2017-04-08 04:52:24,2020-07-23 14:20:55,
xx27431110790317543,Megawati,2019-01-10 14:04:27,2020-07-23 14:22:43,
xx986466611,Tips Otomotif,2017-02-17 13:44:29,2020-07-23 14:20:36,
xx966486404,Carlo Ancelotti,2017-02-15 10:23:28,2020-07-23 14:20:35,
xx126862800,Dewan Pers,2017-01-07 14:11:12,2020-07-23 14:20:08,
xx27431110790314663,Ve eks JKT48,2018-05-27 12:21:50,2020-07-23 14:22:11,
xx41226371,Iran,2016-12-20 05:16:01,2020-07-23 14:19:53,
xx1024442498,Longsor,2017-03-03 16:48:22,2020-07-23 14:20:43,
xx1152716789,DAY6,2017-06-09 05:12:16,2020-07-23 14:21:13,
xx41226172,ISIS,2016-12-20 05:15:44,2020-07-23 14:19:53,
xx27431110790314496,Irma Darmawangsa,2018-05-15 14:01:01,2020-07-23 14:22:09,
xx27431110790313684,Foto Berita,2018-03-19 17:02:08,2020-07-23 14:22:01,
xx432834878,Bahasa,2017-01-23 14:43:14,2020-07-23 14:20:21,
xx1578730820654145502,Satu Keluarga di Depok Dianiaya,2020-01-11 15:20:21,2020-07-23 14:23:30,
xx1582106993936374629,Dana Pensiun PNS,2020-02-19 17:09:54,2020-07-23 14:23:40,
xx46170458,Arab Saudi,2016-12-22 17:47:01,2020-07-23 14:19:55,
xx1162814910,Naby Keita,2017-07-04 12:21:32,2020-07-23 14:21:18,
xx27431110790313649,Hafiz/Gloria,2018-03-16 04:24:30,2020-07-23 14:22:00,
xx27431110790316258,Desainer,2018-09-18 09:16:01,2020-07-23 14:22:29,
xx1578460572116545963,Piala AFC,2020-01-08 12:16:12,2020-12-20 09:41:16,
xx27431110790315414,Influencer,2018-07-26 13:40:31,2020-07-23 14:22:19,
xx1563964523303772582,Persik Kediri,2019-07-24 17:35:23,2020-07-23 14:23:07,
xx186324234,Angkasa Pura II,2017-01-11 12:51:05,2020-07-23 14:20:12,
xx27431110790315093,Park Min-young,2018-07-07 16:17:58,2020-07-23 14:22:15,
xx1579228909562112767,Sunda Empire,2020-01-17 09:41:50,2020-07-23 14:23:32,
xx132166743,Berita Duka,2017-01-08 00:21:30,2020-07-23 14:20:08,
xx27428868,Bencana Alam,2016-11-21 14:34:22,2020-07-23 14:19:50,
xx27431110790312220,Tips Makeup,2017-12-15 09:25:07,2020-07-23 14:21:45,
xx1068145477,Syariah,2017-07-24 16:08:10,2020-07-23 14:21:22,
xx837704931,Airlangga Hartarto,2017-02-10 11:49:12,2020-07-23 14:20:32,
xx27428779,Terorisme,2016-11-21 14:34:22,2020-07-23 14:19:50,
xx1031145598,Doni Monardo,2017-03-09 14:00:01,2020-07-23 14:20:45,
xx27431110790316553,Vandalisme di Kereta,2018-10-12 13:35:18,2020-07-23 14:22:33,
xx112419032,2NE1,2017-01-06 08:36:04,2020-07-23 14:20:06,
xx1579601912066635328,Skin Care,2020-01-21 17:18:32,2020-07-23 14:23:33,
xx1586247675448272628,Wonderkid,2020-04-07 15:21:15,2020-07-23 14:23:53,
xx1145451972,Jaminan Kesehatan,2017-05-23 13:24:39,2020-07-23 14:21:08,
xx27431110790313453,Ryan Giggs,2018-02-28 09:01:05,2020-07-23 14:21:58,
xx1157623624,Jacksen F. Tiago,2017-06-19 22:22:24,2020-07-23 14:21:16,
xx24835977,Cuaca,2016-11-15 14:32:04,2020-07-23 14:19:50,
xx27431110790311998,Big Hit Entertainment,2017-12-04 17:06:30,2020-07-23 14:21:43,
xx1044891750,Atalanta,2017-05-14 04:42:38,2020-07-23 14:21:06,
xx1566810742916860241,Boyband X1,2019-08-26 16:12:23,2020-07-23 14:23:11,
xx600977910,Pasuruan,2017-01-31 15:11:31,2020-07-23 14:20:26,
xx600039076,SKK Migas,2017-01-31 14:14:00,2020-07-23 14:20:26,
xx27431110790313777,Tira-Persikabo,2018-03-25 17:20:32,2020-07-23 14:22:02,
xx1579341999986781192,Ekki Soekarno,2020-01-18 17:06:40,2020-07-23 14:23:32,
xx27431110790315801,Seksual,2018-08-17 16:55:06,2020-07-23 14:22:23,
xx49128117,Cabai,2016-12-24 15:14:39,2020-07-23 14:19:59,
xx990060526,Kemenperin,2017-02-18 11:28:10,2020-07-23 14:20:36,
xx1164316703,Chef Juna,2017-08-23 12:41:27,2020-07-23 14:21:27,
xx1158215758,Egy Maulana Vikri,2017-06-21 12:24:37,2020-07-23 14:21:16,
xx22661948,Ahok,2016-11-10 11:33:43,2020-07-23 14:34:18,
xx1581446898871355865,Samsung Galaxy Z Flip,2020-02-12 01:48:19,2020-07-23 14:23:38,
xx1560573055381543791,Galaxy Note 10,2019-06-15 11:30:55,2020-07-23 14:23:02,
xx39303731,KPK,2016-12-17 17:34:53,2020-07-23 14:19:51,
xx54252836,PDIP,2016-12-27 13:22:49,2020-07-23 14:20:01,
xx1147080079,Aktor Korea Selatan,2017-05-24 14:14:58,2020-07-23 14:21:09,
xx1550686660262175624,Galaxy S10,2019-02-21 01:17:40,2020-07-23 14:22:49,
xx1579178024870832661,Keraton Djipang,2020-01-16 19:33:45,2020-07-23 14:23:32,
xx151962389,Tri Rismaharini,2017-01-09 20:26:37,2020-07-23 14:20:10,
xx1582509715231003273,Virus Corona di Korea Selatan,2020-02-24 09:01:55,2020-07-23 14:23:42,
xx107822338,Luna Maya,2017-01-05 14:08:53,2020-07-23 14:20:06,
xx1582261939535119028,Pricilia Carla Yules,2020-02-21 12:12:20,2020-07-23 14:23:41,
xx27431110790314336,PENTAGON,2018-05-04 10:00:16,2020-07-23 14:22:07,
xx27431110790313018,Hallyu,2018-01-31 15:15:54,2020-07-23 14:21:53,
xx1164316790,AJI,2017-08-30 17:03:56,2020-07-23 14:21:28,
xx27431110790312071,Tikus,2017-12-09 10:50:07,2020-07-23 14:21:44,
xx1551770845736509796,Jose Bordalas,2019-03-05 14:27:26,2020-07-23 14:22:50,
xx27431110790315398,Kasus Perumahan,2018-07-25 17:37:05,2020-07-23 14:22:19,
xx27426495,iPhone,2016-11-21 14:34:05,2020-07-23 14:19:50,
xx27431110790312824,Hantu,2018-01-19 16:05:38,2020-07-23 14:21:51,
xx1164316511,Diet Sehat,2017-08-09 12:48:56,2020-07-23 14:21:25,
xx1564451008681844789,Dosen,2019-07-30 08:43:29,2020-07-23 14:23:08,
xx43474072,Australia,2016-12-21 11:24:48,2020-07-23 14:19:54,
xx673968224,Emiten,2017-02-03 13:22:34,2020-07-23 14:20:29,
xx1556589087846215802,Woman,2019-04-30 08:51:28,2020-12-29 16:28:30,
xx113179243,Piala FA,2017-01-06 10:20:11,2020-07-23 14:20:07,
xx1572597790985308678,Home of Premier League,2019-11-01 15:43:11,2020-07-23 14:23:20,
xx91484958,Mahkamah Agung,2017-01-03 11:07:55,2020-07-23 14:20:04,
xx1573645707051848206,Omnibus Law,2019-11-13 18:48:27,2020-07-23 14:23:22,
xx1556077390242051499,Christian Eriksen,2019-04-24 10:43:10,2020-07-23 14:22:56,
xx1571732595026419647,Juliari Batubara,2019-10-22 15:23:15,2020-07-23 14:23:18,
xx46795593,IHSG,2016-12-23 10:01:18,2020-07-23 14:19:57,
xx22661796,Kriminal,2016-11-10 11:33:43,2020-07-23 14:19:50,
xx27431110790312714,Warteg,2018-01-13 14:46:12,2020-07-23 14:21:50,
xx1164317198,Marsha Aruan,2017-09-29 10:04:50,2020-07-23 14:21:33,
xx27434611,Milenial,2016-11-21 14:34:23,2020-07-23 14:19:50,
xx982401757,Khamenei,2017-02-16 11:00:19,2020-07-23 14:20:36,
xx81568133,Nagita Slavina,2017-01-01 12:05:37,2020-07-23 14:20:04,
xx492897229, Satya Nadella,2017-01-26 11:29:52,2020-07-23 14:20:23,
xx1574308663379881393,Firli Bahuri,2019-11-21 10:57:43,2020-07-23 14:23:23,
xx27431110790315159,Rachel Vennya,2018-07-12 12:20:41,2020-07-23 14:22:16,
xx48869341,Impor,2016-12-24 12:11:56,2020-07-23 14:19:59,
xx27431110790316575,Asuransi Jiwasraya,2018-10-15 18:16:03,2020-07-23 14:22:33,
xx27431110790312163,Kelautan,2017-12-13 18:23:29,2020-07-23 14:21:44,
xx1154053729,Jennifer Aniston,2017-06-12 19:23:38,2020-07-23 14:21:14,
xx22553543,News,2016-11-09 18:37:23,2020-07-23 14:19:50,
xx39171987,Tito Karnavian,2016-12-17 12:11:50,2020-07-23 14:19:51,
xx384559264,Lari,2017-01-20 15:31:52,2020-07-23 14:20:19,
xx1150189226,Kompolnas,2017-06-02 12:58:35,2020-07-23 14:21:11,
xx1575862933220114058,Frederika Alexis Cull,2019-12-09 10:42:13,2020-07-23 14:23:26,
xx1578289652316060735,Bursa Transfer Liga 1,2020-01-06 12:47:32,2020-07-23 14:23:29,
xx1151234973,Gunung Marapi,2017-06-05 12:48:37,2020-07-23 14:21:12,
xx27431110790311987,Ray Sahetapy,2017-12-04 11:08:46,2020-07-23 14:21:43,
xx1070018157,Kapal Ilegal,2017-07-28 08:13:31,2020-07-23 14:21:23,
xx43488145,Juventus,2016-12-21 11:36:35,2020-07-23 14:19:54,
xx1036699137,Deddy Corbuzier,2017-04-26 11:42:54,2020-07-23 14:21:01,
xx1164316513,Keguguran,2017-08-09 13:12:06,2020-07-23 14:21:26,
xx1036310181,Bus Primajasa,2017-03-13 19:45:47,2020-07-23 14:20:47,
xx46219821,Yaman,2016-12-22 18:12:52,2020-07-23 14:19:57,
xx1034952471,Pemprov DKI,2017-04-21 14:53:48,2020-07-23 14:20:59,
xx40799617,Islam,2016-12-19 18:59:10,2020-07-23 14:19:53,
xx27431099,Selebriti,2016-11-21 14:34:05,2020-07-23 14:19:50,
xx1578024011629167454,AS Bunuh Jenderal Iran,2020-01-03 11:00:12,2020-07-23 14:23:29,
xx53122146,Unai Emery,2016-12-26 20:52:49,2020-07-23 14:20:01,
xx1578904095169780497,Ciri-ciri Hamil,2020-01-13 15:28:15,2020-07-23 14:23:31,
xx1019329786,Pencabulan,2017-04-05 19:03:45,2020-07-23 14:20:55,
xx1155898808,Yusuf Mansur,2017-06-15 20:30:20,2020-07-23 14:21:15,
xx71822481,Kementan,2016-12-30 16:09:59,2020-07-23 14:20:03,
xx1580980778237759252,Pemburu di Manchester Biru,2020-02-06 16:19:38,2020-07-23 14:23:36,
xx1578644714872261610,MeMiles,2020-01-10 15:25:15,2020-07-23 14:23:30,
xx1570938707482733986,Penyanyi IU,2019-10-13 10:51:47,2020-07-23 14:23:16,
xx89887853,ATM,2017-01-02 20:26:08,2020-07-23 14:20:04,
xx1039408128,Persela Lamongan,2017-05-02 12:36:38,2020-07-23 14:21:03,
xx1576567196645116373,Mikel Arteta,2019-12-17 14:19:57,2020-07-23 14:23:28,
xx1576491343094129730,Nurhadi Tersangka,2019-12-16 17:15:43,2020-07-23 14:23:27,
xx27431110790313217,Unilever,2018-02-13 08:16:45,2020-07-23 14:21:56,
xx39300445,Transjakarta,2016-12-17 17:26:13,2020-07-23 14:19:51,
xx1032120491,Tanjung Priok,2017-04-15 11:48:44,2020-07-23 14:20:58,
xx1014401569,Batman,2017-02-24 13:49:40,2020-07-23 14:20:39,
xx372352332,Pemadam Kebakaran,2017-01-19 23:07:01,2020-07-23 14:20:19,
xx643803276,Asuransi,2017-02-02 12:18:50,2020-07-23 14:20:28,
xx27431110790316245,Aborsi,2018-09-17 12:16:00,2020-07-23 14:22:29,
xx746202264,Ratu Elizabeth II,2017-02-06 11:52:13,2020-07-23 14:20:30,
xx1550636567596134312,Karimun,2019-02-20 11:22:48,2020-07-23 14:22:49,
xx1162843388,Nahdlatul Ulama,2017-07-04 13:19:35,2020-07-23 14:21:18,
xx47730573,Narkoba,2016-12-23 17:43:30,2020-07-23 14:19:59,
xx581458697,Anthony Martial,2017-01-30 15:27:20,2020-07-23 14:20:26,
xx46206161,Papua Nugini,2016-12-22 18:05:11,2020-07-23 14:19:56,
xx1573659028996034884,Ovulasi,2019-11-13 22:30:29,2020-07-23 14:23:22,
xx208947547,Hardware,2017-01-12 13:07:32,2020-07-23 14:20:13,
xx27431110790314554,Parma,2018-05-19 06:25:10,2020-07-23 14:22:09,
xx27433171,Sains,2016-11-21 14:34:23,2020-07-23 14:19:50,
xx27431110790314806,Jakarta Timur,2018-06-08 13:35:07,2020-07-23 14:22:12,
xx490682568,Mahkamah Konstitusi,2017-01-26 09:44:24,2020-07-23 14:20:23,
xx1574307427582300433,Grammy Awards 2020,2019-11-21 10:37:08,2020-07-23 14:23:23,
xx1568776855031689870,Erling Braut Haaland,2019-09-18 10:20:55,2020-07-23 14:23:14,
xx379551497, Mauricio Pochettino,2017-01-20 11:27:07,2020-07-23 14:20:19,
xx46198977,Israel,2016-12-22 17:56:57,2020-07-23 14:19:56,
xx53248165,Paus Fransiskus,2016-12-26 22:35:56,2020-07-23 14:20:01,
xx147922669,Zulkifli Hasan,2017-01-09 15:52:22,2020-07-23 14:20:09,
xx39328953,Hamil,2016-12-17 18:21:02,2020-07-23 14:19:52,
xx1000647592,BNPB,2017-02-21 08:12:59,2020-07-23 14:20:38,
xx1148493837,Salshabilla Adriani,2017-05-28 17:33:27,2020-07-23 14:21:09,
xx1579092344425600516,Purworejo,2020-01-15 19:45:44,2020-07-23 14:23:31,
xx123114777,Perubahan Iklim,2017-01-07 07:23:53,2020-07-23 14:20:07,
xx76212687,Jadwal Siaran Langsung,2016-12-31 09:11:44,2020-07-23 14:20:03,
xx434104427,Jakarta Barat,2017-01-23 16:06:58,2020-07-23 14:20:21,
xx88628410,Puncak,2017-01-02 16:49:59,2020-07-23 14:20:04,
xx93298431,Suhu Ekstrem,2017-01-03 17:36:38,2020-07-23 14:20:05,
xx1570527008867549806,To The Point,2019-10-08 16:30:09,2020-07-23 14:23:16,
xx1071441398,Kontes Kecantikan,2017-07-31 15:42:34,2020-07-23 14:21:23,
xx152140733,Libra,2017-01-09 20:45:01,2020-07-23 14:20:10,
xx27433309,Donald Trump,2016-11-21 14:34:23,2020-07-23 14:19:50,
xx27431110790316576,Jiwasraya,2018-10-15 19:04:31,2020-07-23 14:22:33,
xx46175391,Singapura,2016-12-22 17:48:05,2020-07-23 14:19:55,
xx27431110790312038,Listicle K-Pop,2017-12-07 11:18:33,2020-07-23 14:21:43,
xx1164317558,Piala Liga Inggris,2017-10-25 03:42:00,2020-07-23 14:21:37,
xx1581414960826782659,Wawancara Kerja,2020-02-11 16:56:01,2020-07-23 14:23:38,
xx111016951,Pencurian,2017-01-05 19:13:50,2020-07-23 14:20:06,
xx1005122798,Makanan Sehat,2017-02-22 08:52:43,2020-07-23 14:20:38,
xx1578283046621636788,Gedung di Slipi Ambruk,2020-01-06 10:57:27,2020-07-23 14:23:29,
xx1570595620131616589,Sheffield United,2019-10-09 11:33:40,2020-07-23 14:23:16,
xx22551973,Inspirasi,2016-11-09 18:36:16,2020-07-23 14:19:49,
xx1582805971262485195,Jemaah Umrah,2020-02-27 19:19:31,2020-07-23 14:23:43,
xx98037067,PBSI,2017-01-04 12:50:36,2020-07-23 14:20:05,
xx1571732643283461897,Zainudin Amali,2019-10-22 15:24:03,2020-07-23 14:23:18,
xx1164316434,IDI,2017-08-04 15:42:44,2020-07-23 14:21:25,
xx1579879099649087413,Kejuaraan Bulu Tangkis Asia,2020-01-24 22:18:20,2020-07-23 14:23:34,
xx338261870,Vanessa Angel,2017-01-18 10:41:46,2020-07-23 14:20:18,
xx27431110790313615,Wajib Pajak,2018-03-13 13:09:28,2020-07-23 14:22:00,
xx1017008381,Sepeda,2017-02-26 13:44:59,2020-07-23 14:20:40,
xx1022432192,IPO,2017-03-02 11:25:05,2020-07-23 14:20:42,
xx326476670,Indra Bekti,2017-01-17 16:08:31,2020-07-23 14:20:18,
xx1567658315983812914,Revisi UU KPK,2019-09-05 11:38:36,2020-07-23 14:23:12,
xx46189681,Bulgaria,2016-12-22 17:51:25,2020-07-23 14:19:55,
xx1581060373091810958,Pemulangan WNI Eks ISIS,2020-02-07 14:26:13,2020-07-23 14:23:37,
xx79533821,Anak Artis,2016-12-31 21:59:41,2020-07-23 14:20:04,
xx1062414323,Payudara,2017-07-15 10:04:32,2020-07-23 14:21:21,
xx1580218816696608447,Buku Panduan Ibu,2020-01-28 20:40:17,2020-07-23 14:23:34,
xx1579866848937104933,Crash Landing on You,2020-01-24 18:54:09,2020-07-23 14:23:34,
xx27431110790312918,Galih Ginanjar,2018-01-24 18:12:18,2020-07-23 14:21:52,
xx27431110790317132,Marc Klok,2018-12-06 16:00:06,2020-07-23 14:22:39,
xx39334859,Militer,2016-12-17 18:34:16,2020-07-23 14:19:52,
xx1571195821122407313,Shinta Naomi Eks JKT48,2019-10-16 10:17:01,2020-07-23 14:23:17,
xx1579162632653781662,Honda BeAT,2020-01-16 15:17:13,2020-07-23 14:23:32,
xx1070276154,MERS,2017-07-28 18:15:16,2020-07-23 14:21:23,
xx33023805,Semarang,2016-12-05 11:40:50,2020-07-23 14:19:51,
xx1060869149,SMA,2017-07-13 13:42:04,2020-07-23 14:21:20,
xx46794629,Ria Irawan,2016-12-23 10:00:41,2020-07-23 14:19:57,
xx39326418,Indonesia,2016-12-17 18:18:04,2020-07-23 14:19:52,
xx1551427682402195906,Gen Halilintar,2019-03-01 15:08:02,2020-07-23 14:22:50,
xx1582114157145403990,Kuret,2020-02-19 19:09:17,2020-07-23 14:23:41,
xx1577922048378253956,Momo Twice,2020-01-02 06:40:48,2020-07-23 14:23:29,
xx598466086,Kementerian PUPR,2017-01-31 12:43:16,2020-07-23 14:20:26,
xx1572927915657770046,Premier League,2019-11-05 11:25:16,2020-07-23 14:23:20,
xx47085613,Viral,2016-12-23 13:40:26,2020-07-23 14:19:58,
xx27431110790312749,Pelajar,2018-01-15 14:02:54,2020-07-23 14:21:50,
xx1580786774056808488,Kim Yohan,2020-02-04 10:26:14,2020-07-23 14:23:36,
xx1043183662,Novel Baswedan,2017-03-24 11:42:42,2020-07-23 14:20:52,
xx1582852482095656783,Corona di Iran,2020-02-28 08:14:42,2020-07-23 14:23:43,
xx913951142,Liga Champions,2017-02-13 11:43:47,2020-07-23 14:20:34,
xx519138209,Polres Jakarta Selatan,2017-01-27 14:02:23,2020-07-23 14:20:24,
xx1582002456329925571,Dedy Susanto,2020-02-18 12:07:36,2020-07-23 14:23:40,
xx1037209368,Bayi Prematur,2017-04-27 15:17:35,2020-07-23 14:21:01,
xx779876039,BTS,2017-02-07 15:48:30,2020-07-23 14:20:31,
xx1576749645746121794,Kemenkumham,2019-12-19 17:00:46,2020-07-23 14:23:28,
xx27431110790316882,Kiki Fatmala,2018-11-13 09:55:24,2020-07-23 14:22:36,
xx1579853918517610959,WHO,2020-01-24 15:18:39,2020-07-23 14:23:33,
xx206811379,NCT,2017-01-12 11:16:52,2020-07-23 14:20:13,
xx22552435,Otomotif,2016-11-09 18:37:23,2020-12-29 16:37:40,
xx1145452665,BPJS Kesehatan,2017-05-23 13:25:10,2020-07-23 14:21:08,
xx22601470,Hiburan,2016-11-09 18:42:06,2020-07-23 14:19:50,
xx290650040,Everton,2017-01-15 21:57:06,2020-07-23 14:20:15,
xx152137324,Cancer,2017-01-09 20:44:26,2020-07-23 14:20:10,
xx43486069,Persipura,2016-12-21 11:35:08,2020-07-23 14:19:54,
xx27431110790315083,Azriel Hermansyah,2018-07-06 12:00:26,2020-07-23 14:22:15,
xx86193975,Batam,2017-01-02 13:46:22,2020-07-23 14:20:04,
xx1159836849,Yuni Shara,2017-06-25 16:55:09,2020-07-23 14:21:17,
xx916092055,Ibu,2017-02-13 13:09:11,2020-07-23 14:20:34,
xx40347025,Nikita Mirzani,2016-12-19 10:11:14,2020-07-23 14:19:52,
xx39335626,TNI,2016-12-17 18:35:18,2020-07-23 14:19:52,
xx189391506,Rini Soemarno,2017-01-11 15:23:35,2020-07-23 14:20:12,
xx1023018825,Air Keras Novel,2017-04-11 07:28:34,2020-07-23 14:20:56,
xx39328335,Pembunuhan,2016-12-17 18:19:30,2020-07-23 14:19:52,
xx778688314,BCA,2017-02-07 15:01:51,2020-07-23 14:20:31,
xx183100581,Penganiayaan,2017-01-11 10:00:50,2020-07-23 14:20:11,
xx46105602,Ganja,2016-12-22 17:04:17,2020-07-23 14:19:55,
xx27311838,Liga Inggris,2016-11-20 19:54:48,2020-07-23 14:19:50,
xx990054998,SMK,2017-02-18 11:26:19,2020-07-23 14:20:36,
xx1023192268,Konser K-Pop,2017-04-11 15:33:23,2020-07-23 14:20:56,
xx46859735,Survei,2016-12-23 11:06:08,2020-07-23 14:19:57,
xx27431110790316395,Loona,2018-09-30 17:18:44,2020-07-23 14:22:31,
xx1164317257,Menulis,2017-10-04 05:31:21,2020-07-23 14:21:33,
xx614692140,Medina Zein,2017-02-01 09:38:27,2020-07-23 14:20:27,
xx1041519225,Bawang Putih,2017-05-08 11:47:11,2020-07-23 14:21:05,
xx91512930,Joko Anwar,2017-01-03 11:12:30,2020-07-23 14:20:04,
xx27431110790317485,Ojol,2019-01-06 15:19:57,2020-07-23 14:22:43,
xx1161375937,Monas,2017-06-30 11:31:39,2020-07-23 14:21:17,
xx1581486065840314717,Sirkuit Formula E,2020-02-12 12:41:06,2020-07-23 14:23:38,
xx46177713,Kanada,2016-12-22 17:48:20,2020-07-23 14:19:55,
xx1045524331,Derbi Merseyside,2017-03-30 11:47:15,2020-07-23 14:20:53,
xx1164317020,Indy Barends,2017-09-17 12:31:00,2020-07-23 14:21:31,
xx45352134,Honda,2016-12-22 10:06:59,2020-07-23 14:19:55,
xx27431110790317367,Duvan Zapata,2018-12-27 03:22:10,2020-07-23 14:22:41,
xx1575553280335929054,Dirut TVRI Helmy Yahya Dinonaktifkan,2019-12-05 20:41:20,2020-07-23 14:23:26,
xx46199599,Kamboja,2016-12-22 17:57:37,2020-07-23 14:19:56,
xx27431110790317179,Ronaldo,2018-12-11 15:50:01,2020-07-23 14:22:40,
xx1164316773,Imunisasi,2017-08-29 17:14:34,2020-07-23 14:21:28,
xx1581303162068186758,Piala Gubernur Jatim,2020-02-10 09:52:42,2020-07-23 14:23:37,
xx651795901,BIN,2017-02-02 17:16:31,2020-07-23 14:20:28,
xx51708581,Leicester City,2016-12-26 11:00:32,2020-07-23 14:20:00,
xx120034636,WNI,2017-01-06 21:51:18,2020-07-23 14:20:07,
xx27431110790312917,Mpok Alpa,2018-01-24 17:44:44,2020-07-23 14:21:52,
xx27431110790313436,Ole Gunnar Solskjaer,2018-02-27 15:11:33,2020-07-23 14:21:58,
xx1042194598,Khilafah,2017-05-10 00:32:31,2020-07-23 14:21:05,
xx1026908651,Basuki Hadimuljono,2017-03-05 22:25:28,2020-07-23 14:20:43,
xx54254244,PAN,2016-12-27 13:24:11,2020-07-23 14:20:01,
xx116192885,Maluku Utara,2017-01-06 15:14:11,2020-07-23 14:20:07,
xx1018329756,Anisa Bahar,2017-02-27 14:30:41,2020-07-23 14:20:41,
xx27431110790312830,Joaquin Phoenix,2018-01-19 20:01:06,2020-07-23 14:21:51,
xx1578019750240037480,Golden Globes 2020,2020-01-03 09:49:10,2020-07-23 14:23:29,
xx43488985,Bayern Muenchen,2016-12-21 11:37:02,2020-07-23 14:19:54,
xx27431110790317745,Soraya Haque,2019-01-23 14:32:27,2020-07-23 14:22:46,
xx1564030909307287362,Otavio Dutra,2019-07-25 12:01:49,2020-07-23 14:23:07,
xx152130440,Pisces,2017-01-09 20:43:16,2020-07-23 14:20:10,
xx27431110790316691,Witan Sulaeman,2018-10-24 22:29:51,2020-07-23 14:22:34,
xx1041568669,HTI Dibubarkan,2017-05-08 13:57:18,2020-07-23 14:21:05,
xx1164317392,Meikarta,2017-10-13 14:27:59,2020-07-23 14:21:35,
xx1556443599232770656,Desainer Indonesia,2019-04-28 16:26:39,2020-07-23 14:22:56,
xx1147009838,Cokelat,2017-05-24 11:32:58,2020-07-23 14:21:09,
xx1574143841588741863,Jalur Sepeda,2019-11-19 13:10:42,2020-07-23 14:23:23,
xx39331436,PNS,2016-12-17 18:27:31,2020-07-23 14:19:52,
xx1582355733029630423,Tren Nama Bayi 2020,2020-02-22 14:15:33,2020-07-23 14:23:41,
xx1582081806130175468,RUU Ketahanan Keluarga,2020-02-19 10:10:06,2020-07-23 14:23:40,
xx1164317309,Yusuf Arifin,2017-10-07 15:17:20,2020-07-23 14:21:34,
xx46197754,India,2016-12-22 17:56:01,2020-07-23 14:19:56,
xx46239695,PlayStation,2016-12-22 18:32:42,2020-07-23 14:19:57,
xx1577762117418935508,Malam Tahun Baru,2019-12-31 10:15:17,2020-07-23 14:23:29,
xx1578019823986756520,Oscars 2020,2020-01-03 09:50:24,2020-07-23 14:23:29,
xx40276341,Ratu Inggris,2016-12-19 07:38:31,2020-07-23 14:19:52,
xx923453377,Ajax Amsterdam,2017-02-13 18:55:05,2020-07-23 14:20:34,
xx47153767,BUMN,2016-12-23 14:09:40,2020-07-23 14:19:58,
xx33021913,Surabaya,2016-12-05 11:24:43,2020-07-23 14:19:51,
xx1549164765963503897,Kemenkes,2019-02-03 10:32:46,2020-07-23 14:22:47,
xx81607460,Keluarga Raffi Ahmad,2017-01-01 12:25:45,2020-07-23 14:20:04,
xx1576333205321963563,RunStyle,2019-12-14 21:20:05,2020-07-23 14:23:27,
xx1581511517329894341,Bali Kota Hantu,2020-02-12 19:45:17,2020-07-23 14:23:38,
xx27313364, Android,2016-11-20 19:53:55,2020-07-23 14:19:50,
xx1036923735,Selebgram,2017-04-26 21:30:07,2020-07-23 14:21:01,
xx27431110790315551,Timnas U-23,2018-08-03 10:46:26,2020-07-23 14:22:20,
xx40711370,Penjara,2016-12-19 16:50:48,2020-07-23 14:19:53,
xx46164650,Afghanistan,2016-12-22 17:43:25,2020-07-23 14:19:55,
xx106161422,BBM,2017-01-05 09:44:44,2020-07-23 14:20:06,
xx43233305,Raisa,2016-12-21 09:21:39,2020-07-23 14:19:54,
xx48869931,Beras,2016-12-24 12:12:36,2020-07-23 14:19:59,
xx627434527,Chrisye,2017-02-01 18:58:12,2020-07-23 14:20:27,
xx110486785,Sumatera Barat,2017-01-05 17:31:29,2020-07-23 14:20:06,
xx1573701335830363171,Film Nanti Kita Cerita Tentang Hari Ini,2019-11-14 10:15:36,2020-07-23 14:23:22,
xx982378288,Sepeda Motor,2017-02-16 10:51:15,2020-07-23 14:20:35,
xx105054901,Bekasi,2017-01-04 20:27:28,2020-07-23 14:20:06,
xx98040676,Liga Spanyol,2017-01-04 12:51:27,2020-07-23 14:20:05,
xx1010349362,Cornelia Agatha,2017-02-23 13:21:32,2020-07-23 14:20:39,
xx998055127,Banjir Bekasi,2017-02-20 16:07:01,2020-07-23 14:20:37,
xx1581059626125372978,Profit 3,2020-02-07 14:13:46,2020-07-23 14:23:37,
xx41522104,Lalu Lintas,2016-12-20 10:18:25,2020-07-23 14:19:53,
xx1560339806627256504,Mitsubishi Xpander,2019-06-12 18:43:27,2020-07-23 14:23:01,
xx143865906,Lionel Messi,2017-01-09 11:49:13,2020-07-23 14:20:09,
xx27431110790313960,Persalinan,2018-04-07 13:25:07,2020-07-23 14:22:04,
xx27431110790314337,Asmara Abigail,2018-05-04 10:27:27,2020-07-23 14:22:07,
xx680404959,Ashanty,2017-02-03 17:41:56,2020-07-23 14:20:29,
xx1573733921473593011,Bangkai Babi di Sumut,2019-11-14 19:18:41,2020-07-23 14:23:22,
xx1443761312,MOMS,2017-11-18 15:20:20,2020-12-29 16:48:47,
xx1028629308,Gratifikasi,2017-03-07 12:45:35,2020-07-23 14:20:44,
xx1581302172071974148,Geger Klitih,2020-02-10 09:36:12,2020-07-23 14:23:37,
xx43190403,Pelecehan Seksual,2016-12-21 08:12:09,2020-07-23 14:19:54,
xx1037576800,Babi,2017-03-14 18:54:59,2020-07-23 14:20:48,
xx166103124,Kecanduan Gadget,2017-01-10 16:00:55,2020-07-23 14:20:11,
xx143843136,Antoine Griezmann,2017-01-09 11:47:59,2020-07-23 14:20:09,
xx27431110790313689,Anak Cerdas,2018-03-20 12:40:41,2020-07-23 14:22:01,
xx1009368244,Zee Zee Shahab,2017-02-23 08:44:30,2020-07-23 14:20:39,
xx231556849,Seputar Kehamilan,2017-01-13 15:36:13,2020-07-23 14:20:14,
xx1013557088,Raffi Ahmad,2017-02-24 07:24:52,2020-07-23 14:20:39,
xx46934394,Manchester United,2016-12-23 12:00:18,2020-07-23 14:19:58,
xx41633646,Wiranto,2016-12-20 11:22:27,2020-07-23 14:19:53,
xx1579220583849116271,Yasonna Laoly,2020-01-17 07:23:04,2020-07-23 14:23:32,